login,n,name,link,desc
abogdanoski,78,NA,[\@abogdanoski](https://github.com/abogdanoski),[\@abogdanoski](https://github.com/abogdanoski)
albertchae,2,NA,[\@albertchae](https://github.com/albertchae),[\@albertchae](https://github.com/albertchae)
em-ng21,56,Emma Ng,[\@em-ng21](https://github.com/em-ng21),Emma Ng ([\@em-ng21](https://github.com/em-ng21))
fhoces,426,Fernando Hoces de la Guardia,[\@fhoces](https://github.com/fhoces),Fernando Hoces de la Guardia ([\@fhoces](https://github.com/fhoces))
joelferg,9,Joel Ferguson,[\@joelferg](https://github.com/joelferg),Joel Ferguson ([\@joelferg](https://github.com/joelferg))
khoeberling,39,Katie Hoeberling,[\@khoeberling](https://github.com/khoeberling),Katie Hoeberling ([\@khoeberling](https://github.com/khoeberling))
mweiss,1,Michael Weiss,[\@mweiss](https://github.com/mweiss),Michael Weiss ([\@mweiss](https://github.com/mweiss))
myzhang01,7,max zhang,[\@myzhang01](https://github.com/myzhang01),max zhang ([\@myzhang01](https://github.com/myzhang01))
petezh,3,Peter Zhang,[\@petezh](https://github.com/petezh),Peter Zhang ([\@petezh](https://github.com/petezh))
taranganathapa,9,Tarangana Thapa,[\@taranganathapa](https://github.com/taranganathapa),Tarangana Thapa ([\@taranganathapa](https://github.com/taranganathapa))
